HourlyWindGustSpeed,HourlyAltimeterSetting,HourlyPressureTendency,DATE,LATITUDE,HourlyWindSpeed,LONGITUDE,HourlyPressureChange
,,4.501014198782961,7,-30.4833333,7.714140386571719,136.8833333,0.0005679513184584
,,4.939914163090129,7,-72.2,12.782426778242678,-60.1666666,0.0041630901287553
,,5.227011494252873,7,35.7333333,11.629310344827584,140.85,0.0016954022988505
24.59170013386881,30.05741935483871,4.487804878048781,7,21.15448,13.055150884495315,-157.09612,0.0002032520325203
,,9.0,7,22.0833333,1.018867924528302,79.55,
,,,7,-33.5666666,3.2857142857142856,115.8166666,
22.0,,4.575510204081633,7,52.6666666,3.371428571428571,84.9166666,-0.0001224489795918
,,4.820408163265306,7,54.75,3.467479674796748,88.8166666,-0.000204081632653
,,4.754098360655738,7,63.5833333,4.987704918032787,45.6333333,4.0983606557376995e-05
,,5.376021798365122,7,47.1166666,3.098226466575716,14.1833333,0.0013896457765667
36.666666666666664,29.979000000000003,4.8701923076923075,7,-34.588089,7.117117117117117,-68.402678,0.0032532051282051
,,4.439509954058193,7,48.32,12.248990578734858,-122.84,0.0004747320061255
,,,7,32.3349,3.936491935483871,-86.9787,
,,4.678861788617886,7,39.5,6.544715447154472,63.85,0.0002032520325203
,,4.926530612244898,7,-19.4166666,3.510231923601637,146.5333333,0.0006938775510204
,,4.869402985074627,7,43.8333333,1.797752808988764,20.0333333,0.0007462686567164
22.454545454545453,,4.71448087431694,7,50.5833333,8.623448275862069,4.6833333,0.0023087431693989
,,4.36734693877551,7,50.7833333,2.6816326530612247,129.3333333,-4.081632653061211e-05
23.582781456953644,,4.488775510204082,7,50.4333333,9.608163265306125,-104.6666666,0.0001224489795918
,,4.370967741935484,7,36.0023491,4.9945725915875165,126.7634672,0.0004435483870967
,,4.744493392070485,7,26.65,5.04774897680764,-81.87,0.0009838472834067
,,4.376518218623482,7,27.1166666,4.672064777327935,114.9666666,-0.0006882591093117
15.154205607476635,,,7,46.483333300000005,3.735054347826087,15.1166666,
21.543478260869566,,4.458163265306123,7,47.9833333,6.064285714285714,-66.3333333,0.0011020408163265
,,4.823045267489712,7,43.8,2.272727272727273,69.2,1.1422047578448114e-19
29.444444444444443,29.92084803256445,,7,42.4333333,5.282225237449118,19.2833333,
,,4.617886178861789,7,-7.7333333,6.0894308943089435,109.0166666,0.0007723577235772
,,4.510204081632653,7,14.0166666,2.6408163265306124,99.5333333,4.081632653061262e-05
,,4.4105691056910565,7,38.6333333,6.134146341463414,103.0833333,-0.0005691056910569
,,,7,43.4166666,13.143874643874645,6.85,
16.872222222222224,,4.862135922330097,7,-28.95,5.296511627906977,31.7,0.003126213592233
,,4.745901639344262,7,-40.6666666,22.12618724559023,144.6833333,0.0011065573770491
,,9.0,7,13.3333333,4.8933333333333335,-4.8333333,
17.455696202531644,,,7,55.8666666,5.560975609756097,13.6666666,
,,4.88551724137931,7,48.058142,9.339310344827586,1.376625,0.0011448275862068
,29.95822847682119,4.213414634146342,7,19.145931,4.673841059602649,-96.187267,-0.0072560975609756
20.431578947368426,,4.521384928716905,7,49.4,7.965376782077393,-98.3166666,3.054989816700597e-05
,,4.349794238683128,7,37.5,1.3673469387755102,71.5,-0.001275720164609
,,4.794354838709677,7,0.831414,6.080645161290323,127.38148599999998,0.0011693548387096
14.0,,4.655172413793103,7,61.5166666,3.129032258064516,9.4,0.0010344827586206
,,5.220408163265306,7,15.1333333,1.7551020408163265,108.7833333,0.0033877551020408
,,5.233473980309423,7,48.5666666,13.329113924050631,16.3666666,0.0016596343178621
,,4.627049180327869,7,-27.570278,6.043656207366985,153.008056,8.196721311475406e-05
20.666666666666668,29.965487012987015,,7,62.42,7.87987012987013,-110.67,
17.28513238289206,,,7,62.9333333,11.05034965034965,21.1833333,
,,4.409090909090909,7,58.29800000000001,4.899182561307902,-134.412,-0.0004838709677419
16.0,,4.489878542510121,7,67.15,3.3927125506072873,32.35,0.0006072874493927
13.5,,5.08130081300813,7,-29.770606,4.654471544715447,31.058406,-0.0011788617886178
16.649595687331537,,4.2926829268292686,7,61.0333333,6.802989130434782,28.5666666,-0.0003658536585365
,,4.489795918367347,7,52.3,7.510204081632653,-55.8333333,0.0001632653061224
,,9.0,7,16.4333333,2.1458333333333335,81.7,
,,4.212244897959184,7,47.7833333,7.795918367346939,112.1166666,-0.0004081632653061
22.789473684210527,30.0245207253886,3.991935483870967,7,40.06843,7.015852047556143,-118.57018,0.0002016129032258
,,4.666666666666667,7,53.11666660000001,4.117647058823529,26.0,-0.0001960784313725
17.714285714285715,29.970071258907364,4.233870967741935,7,63.88611,1.796912114014252,-152.30194,4.032258064516134e-05
34.0,,5.112771739130435,7,50.55,13.637228260869565,13.9333333,0.0012635869565217
20.666666666666668,30.060659195781145,5.2390710382513666,7,43.301097,4.756780791462872,-2.910608,0.0019125683060109
20.2,,4.29837067209776,7,43.2833333,2.4378818737270875,-79.9,-0.000437881873727
,,4.715372907153729,7,44.02,9.634641407307171,-83.53,0.000152207001522
24.603318250377075,,,7,51.5,18.742198100407055,3.25,
23.681818181818183,29.917292202227937,4.217021276595744,7,70.46722,9.426735218508998,-157.43583,-0.0003404255319148
,,4.972602739726027,7,20.1333333,5.096774193548387,-98.75,0.0021917808219178
,,4.955223880597015,7,49.7,5.730978260869565,21.7666666,0.0009769335142469
23.797619047619047,29.992332015810277,4.435845213849287,7,47.62168,7.946787148594377,-117.52796,0.0008350305498981
,,,7,56.9333333,11.479833101529902,8.6333333,
,,,7,48.2666666,8.086065573770492,-70.1166666,
26.299465240641712,30.05360450563204,4.416893732970027,7,33.30735,10.295173961840629,-104.50817,0.0002997275204359
,,4.410958904109589,7,41.3833333,1.8694481830417229,-82.5,-0.0007397260273972
,,9.0,7,-15.7833333,3.9047619047619047,-47.9333333,
,,4.808908045977011,7,24.629999999999995,7.848032564450475,-81.11,0.0008764367816091
45.2,29.686666666666667,4.743484224965706,7,-49.306775,14.872628726287262,-67.802589,0.0053223593964334
22.25125628140703,29.833563791874553,4.516949152542373,7,54.8,7.004294478527608,-66.8,0.0008898305084745
25.484848484848484,30.10141791044776,5.080381471389646,7,42.357628,9.665307971014492,-3.620764,0.001267029972752
24.028169014084508,30.045963060686017,4.329842931937173,7,47.0166666,7.6596306068601585,-109.633333,0.0019895287958115
,,4.13091922005571,7,-38.1666666,16.864902506963787,174.7,-0.0035515320334261
24.903225806451612,29.766385224274405,3.760162601626016,7,33.61876,10.144578313253012,-114.71451,-0.0004065040650406
,,,7,54.2833333,,-113.5166666,
,,3.4285714285714284,7,55.85000000000001,4.571428571428571,32.95,-0.0152380952380952
35.21621621621622,29.702099156118145,,7,38.06131100000001,5.855485232067511,128.669164,
,,9.0,7,16.589983,6.661538461538462,-11.406208,
,,4.365853658536586,7,17.6333333,2.1910569105691056,99.25,0.0001219512195121
21.0,,,7,55.8,5.365384615384615,-117.8833333,
,,4.202486678507993,7,-32.8,0.1947368421052631,-70.083,-0.0031971580817051
,,9.0,7,-15.8166666,,-55.4166666,
14.5188679245283,,4.291156462585034,7,44.91666659999999,2.81029810298103,22.0,-0.0002176870748299
27.321428571428573,29.637858117326054,,7,45.623403,7.1580381471389645,126.250328,
,,,7,30.622200000000003,4.149193548387097,-98.0846,
,,9.0,7,24.9166666,0.3529411764705882,84.1833333,
,,4.472913616398243,7,37.798,5.574324324324325,-122.393,-7.32064421669107e-05
13.386627906976743,,4.25880758807588,7,44.7166666,3.807588075880759,26.65,-0.0004471544715447
,,4.795918367346939,7,61.1,3.1666666666666665,80.25,-0.0012244897959183
,,4.489766081871345,7,38.042,13.757452574525743,-121.887,-0.000219298245614
,,4.512195121951219,7,43.5833333,9.959349593495936,104.4166666,-8.130081300813035e-05
24.03867403314917,30.04815051020408,4.3765432098765435,7,31.812340000000003,8.094449853943525,-106.37737,0.0005555555555555
,29.96142857142857,9.0,7,4.896056,4.861660079051384,-1.774756,
,,4.749658002735978,7,29.14,6.823529411764706,-83.03,0.0010533515731874
,,5.094420600858369,7,44.467,6.163090128755365,78.667,0.0012017167381974
20.333333333333332,,,7,50.8,10.386363636363637,-111.0,
19.75,,4.504065040650406,7,65.2333333,5.425101214574899,160.5333333,-0.0008943089430894
25.0,,4.364754098360656,7,63.9833333,3.0371900826446283,82.0833333,-0.000983606557377
,,5.132231404958677,7,-70.7666666,19.867768595041323,11.8333333,0.0037190082644628
,,4.337398373983739,7,47.45,5.788617886178862,126.8666666,-0.0004065040650406
14.964656964656964,,4.349593495934959,7,68.9,6.710027100271002,25.7333333,-4.065040650406497e-05
,,5.197037037037037,7,42.3,4.814814814814815,143.3166666,0.0024296296296296
19.153846153846153,29.732526539278133,4.5,7,37.75,8.669341894060995,38.2833333,0.0027631578947368
,,4.8983739837398375,7,52.15,3.2874493927125505,93.9166666,8.130081300813015e-05
,,9.0,7,9.55,1.8414634146341464,1.1666666,
,29.549058823529418,9.0,7,24.633333300000004,5.926900584795321,68.9,
26.333333333333332,30.07651296829971,5.128065395095367,7,44.891388,5.257532956685499,2.421944,0.0012534059945504
22.5,,,7,54.0,6.497607655502392,-113.46666659999998,
20.74299065420561,,,7,51.4333333,14.740277777777775,4.0166666,
,,4.919590643274854,7,32.782,7.667574931880109,-79.925,0.0014181286549707
,,4.3117408906882595,7,33.6333333,5.663967611336032,118.9333333,-0.0007692307692307
,,3.02,7,-28.4,6.58,-55.0166666,-0.021
14.074675324675324,,4.558704453441296,7,64.5,5.369918699186992,26.4402778,-4.04858299595142e-05
,,4.290322580645161,7,37.88375,2.435374149659864,127.717972,5.595882180570345e-20
,,9.0,7,-9.9666666,1.96875,-67.8,
23.730113636363637,29.76986052998605,,7,17.2333333,11.991620111731844,78.4166666,
,,,7,-35.5333333,10.557220708446868,148.7666666,
23.4,29.729204081632652,4.4048582995951415,7,17.439133,3.265943012211669,101.722064,-4.048582995951398e-05
,,,7,23.8166666,6.546728971962617,57.2833333,
,,,7,-11.6,0.85,34.3,
,,4.693766937669377,7,58.3666666,5.08254397834912,25.6,0.0004742547425474
18.048192771084334,,4.35042735042735,7,58.6833333,5.788617886178862,16.3166666,0.001025641025641
,,,7,-17.3666666,1.9285714285714288,30.2,
,,,7,-18.7166666,2.642857142857143,32.85,
13.666666666666666,,4.461538461538462,7,68.4833333,6.080054274084125,28.300000000000004,4.048582995951415e-05
17.0,29.89969230769231,4.4534412955465585,7,33.87154,3.701775147928994,-117.98561,0.0001214574898785
21.0,,4.858503401360545,7,54.55,5.851700680272109,17.75,0.0019727891156462
,,4.411764705882353,7,57.816666600000005,4.011764705882353,29.95,0.0009411764705882
,,9.0,7,12.4166666,2.737704918032787,92.9333333,
,,1.5957446808510638,7,-25.3166666,4.153846153846154,131.75,-0.0423404255319148
,,4.4358600583090375,7,56.24700000000001,1.0750341064120057,-134.647,-0.0004664723032069
,,,7,41.843,3.5416666666666665,-88.8513,
33.616279069767444,29.759283980582527,,7,33.511306,7.520631067961165,126.493028,
,,4.925820256776034,7,46.57,5.165322580645161,-90.43,0.0003851640513552
13.914285714285716,,4.313351498637602,7,45.3833333,5.73270013568521,27.050000000000004,-0.000108991825613
,30.230649006622517,4.372469635627531,7,38.761842,8.449392712550607,-27.090797,0.0004453441295546
,,,7,-15.7666666,6.285714285714286,27.916666600000003,
18.99047619047619,,4.300813008130081,7,56.15,12.51219512195122,15.5833333,8.130081300813012e-05
16.0,29.879598930481283,3.823770491803278,7,36.31667,5.152,-119.4,-0.0006967213114754
,,4.972477064220183,7,50.7166666,8.486725663716815,58.6666666,0.0019266055045871
,,4.782967032967033,7,49.917,6.62002743484225,-6.283000000000001,0.0029532967032967
,,,7,-35.9833333,2.3333333333333335,146.35,
,,4.439024390243903,7,62.7833333,4.475609756097561,148.1666666,-0.0003658536585365
,,4.813008130081301,7,-17.6,4.478968792401628,146.0,0.0002032520325203
,,3.0,7,47.6333333,2.0,43.15,-0.05
,,4.6729986431478965,7,70.75,10.606802721088435,-22.65,0.0005698778833107
,,,7,31.6219,6.315860215053763,-102.8071,
,,5.275668073136427,7,46.5666666,3.147679324894515,14.7666666,0.0029254571026722
20.375,30.053107382550333,5.038620689655173,7,43.356519,5.104504504504504,-1.790611,0.0014206896551724
,,9.0,7,13.8,5.226006191950464,5.25,
,,4.42914979757085,7,56.7166666,1.3441295546558705,28.7166666,-0.0008502024291497
,,,7,24.72,4.7496598639455785,-81.1,
25.0,,4.835820895522388,7,54.3333333,6.7540760869565215,18.9333333,0.0016553595658073
,,,7,57.3666666,,17.1,
,,4.696356275303644,7,40.6833333,7.935222672064778,64.4833333,2.3878784689559287e-19
,,4.995901639344262,7,-41.1666666,8.535422343324251,147.4833333,0.0008606557377049
25.0,,4.355102040816327,7,33.4,4.176229508196721,104.9166666,-0.0009795918367346
,,,7,-33.8333333,3.739130434782609,151.0666666,
,,5.0462585034013605,7,38.4333333,6.080272108843538,27.166666599999996,0.0018775510204081
,29.963846153846156,4.575221238938053,7,-19.05,13.984251968503935,178.1666666,0.0007964601769911
,,,7,30.3552778,3.559322033898305,15.2541667,
,,4.508474576271187,7,55.3,17.49789029535865,8.6666666,0.0011581920903954
,,,7,43.95,5.185034013605442,-86.44,
,,,7,-35.0833333,2.2653061224489797,139.8833333,
25.75,,4.272108843537415,7,58.0,3.829931972789116,56.33333329999999,-0.0019727891156462
31.0,,3.8,7,46.3666666,8.4,46.0166666,-0.016
13.070945945945946,,4.227642276422764,7,45.0333333,3.9092140921409215,21.6833333,-0.0003387533875338
17.236842105263158,,,7,56.85,4.715447154471545,13.8833333,
27.0,,3.75,7,55.4666666,7.0,113.6166666,-0.005
,,4.300411522633745,7,-18.2333333,7.199728260869565,127.6666666,0.0002469135802469
,,4.770014556040757,7,26.05,11.12824010914052,-97.22,0.0001892285298398
21.1,,4.305102040816327,7,45.0,3.5010204081632654,-75.6333333,-0.0002448979591836
18.428571428571427,,4.615934627170582,7,56.5333333,4.009193054136874,-115.2666666,0.000388151174668
,,4.746705710102489,7,36.9833333,10.674324324324324,-76.3166666,0.0012737920937042
,,9.0,7,10.2833333,0.0,77.0,
,,4.938271604938271,7,-37.0,6.961904761904762,149.2333333,0.0002057613168724
16.8,,,7,61.2505556,3.9,8.9166666,
,,,7,-31.7678,2.066666666666667,150.8418,
,,8.0,7,39.6,3.0,2.7,0.02
28.27906976744186,29.94964956195244,4.574175824175824,7,37.61962,13.421109902067464,-122.36562,0.0002472527472527
,,5.017391304347826,7,49.967,4.304347826086956,81.467,0.0020869565217391
,,4.915351506456241,7,36.2,7.513629842180775,133.3333333,0.0011764705882352
,,4.518367346938776,7,49.0333333,5.959128065395095,20.3166666,-0.0001632653061224
,,4.337398373983739,7,16.3333333,1.3617886178861789,102.8166666,0.0001626016260162
39.09090909090909,,4.45303867403315,7,47.733333300000005,3.1091160220994474,14.3333333,-0.0004005524861878
,,4.776406035665295,7,54.22305560000001,6.607681755829904,19.5430556,0.0015226337448559
,,4.404761904761905,7,-35.7166666,8.393292682926829,137.5166666,-0.0012925170068027
,,4.0,7,36.5666666,2.4239130434782608,128.7,0.0004838709677419
25.5,,,7,51.05,8.901477832512315,-110.3166666,
,,4.841176470588235,7,20.037,5.9863387978142075,-155.829,-0.0001323529411764
,,4.714285714285714,7,-38.8,11.310719131614654,146.2,0.000734693877551
,,4.460176991150442,7,48.3666666,5.602620087336245,25.9,-0.0003982300884955
20.15686274509804,29.934988317757007,4.584677419354839,7,58.83333330000001,4.53713768115942,-122.59999999999998,-4.032258064516123e-05
16.043478260869566,,4.689102564102564,7,60.3833333,5.264984227129338,5.9666666,0.0029487179487179
27.25,,4.451612903225806,7,66.15,12.951612903225806,-169.8333333,-0.002258064516129
17.84931506849315,,5.207236842105263,7,41.1333333,8.355263157894736,29.066666600000005,0.0038486842105263
,,4.922131147540983,7,-20.8833333,13.686221009549795,115.4,0.000655737704918
,,4.4089068825910935,7,12.5,0.902834008097166,102.1666666,0.0010121457489878
20.5,,,7,55.5333333,16.643971631205673,12.7166666,
,,,7,-34.4,8.2,149.8166666,
26.8,29.70861063464837,4.0242914979757085,7,17.386436,4.712048192771085,102.788247,-0.0003643724696356
,30.03,,7,-11.3333333,5.0,-74.55,
,,4.4048582995951415,7,54.9333333,6.48582995951417,48.7833333,-0.0011336032388663
13.0,,5.324675324675325,7,36.3833333,2.363636363636364,33.9333333,0.007012987012987
18.916666666666668,,4.375639713408393,7,45.4166666,5.130612244897959,-73.9166666,4.094165813715459e-05
,,5.0375,7,46.6,8.754166666666666,49.2666666,-0.0009166666666666
29.38095238095238,29.761752136752136,,7,40.556447,7.340811965811966,141.466325,
,,4.465288035450517,7,58.18333330000001,,-136.3333333,-0.0005022156573116
21.11111111111111,29.967536764705883,,7,49.029444,6.238970588235294,17.439722,
19.96296296296296,29.919211195928753,4.653225806451613,7,33.97563,5.578005115089514,-117.62487,-0.0002822580645161
,,4.276422764227642,7,45.45,10.138211382113822,103.9,-0.0004065040650406
28.857142857142858,29.756994572591587,,7,51.712631,8.643826322930801,46.171233,
,,5.184210526315789,7,-54.9333333,10.49438202247191,-67.6166666,0.021578947368421
25.0,,4.893877551020408,7,64.2833333,3.032388663967611,126.45,4.081632653061219e-05
,,4.6322008862629245,7,32.0,5.57754800590842,34.8166666,-0.0001181683899556
,,9.0,7,23.8333333,0.7741935483870968,79.45,
,,5.6,7,45.35,3.0,42.85,0.0
26.966367713004484,29.9508679245283,,7,50.23,10.081761006289309,-121.58,
,,3.987755102040816,7,14.8,2.2285714285714286,100.6166666,-0.0002448979591836
,,4.665271966527197,7,48.833,7.292887029288703,62.1,0.0011715481171548
18.053435114503817,,4.454293628808864,7,55.016666699999995,9.200276243093922,10.5666667,0.0010941828254847
,,,7,-52.43333330000001,12.739427012278307,-59.0833333,
30.052023121387283,30.449690553745928,5.641390205371248,7,45.9333333,11.104229607250756,7.7,0.0043759873617693
25.0,,5.470588235294118,7,47.2,5.1875,38.9,0.0135294117647058
24.775,30.197709923664124,4.133064516129032,7,38.50538,7.913548387096774,-107.89813,-0.0002016129032258
18.666666666666668,,4.714953271028038,7,31.7333333,3.23943661971831,98.5666666,0.009018691588785
,,5.213114754098361,7,45.4666666,7.012295081967213,-73.7333333,0.0013524590163934
27.58823529411765,30.21787439613527,4.758064516129032,7,-26.4333333,8.3,31.95,-0.0003763440860215
,,4.862348178137652,7,53.5833333,2.716599190283401,55.9336111,-0.0004048582995951
33.47727272727273,30.028411405295316,4.804613297150611,7,28.945464,18.609954751131223,-13.605225,0.0015875169606512
,,4.573948439620081,7,40.8166666,6.268656716417911,0.5,0.0008276797829036
,,4.2693877551020405,7,65.2166666,4.4,31.1666666,0.0001632653061224
17.661538461538463,,,7,58.6,3.9918032786885247,12.2,
19.217391304347824,,4.521428571428571,7,49.25,5.116326530612245,-68.1333333,0.0012755102040816
,,5.106122448979592,7,52.85,9.733333333333333,-6.9,0.0031428571428571
,,9.0,7,6.6833333,1.7468879668049793,80.4,
,,4.807377049180328,7,-42.45,12.210884353741497,147.4666666,0.0003688524590163
,,9.0,7,20.9,7.314516129032258,70.3666666,
17.869565217391305,,4.53781512605042,7,56.0333333,7.382113821138211,12.7666666,0.0010924369747899
22.24561403508772,,4.793877551020408,7,53.1333333,4.753061224489796,-109.4,0.0003775510204081
,,2.0,7,-18.3,9.823529411764708,146.0333333,-0.0458823529411764
,,9.0,7,25.9833333,2.0,79.5,
13.139830508474576,,4.179347826086956,7,47.7333333,3.3261163734776726,23.95,-0.0002989130434782
,,4.288617886178862,7,18.736725,3.105691056910569,105.670881,0.0009756097560975
,,,7,42.7,8.0,0.9666666,
,,4.390243902439025,7,15.2666666,2.2154471544715446,101.2,-0.0001219512195121
,,,7,62.6,,29.7166666,
14.420765027322403,,4.177838577291381,7,66.8833333,3.092769440654843,18.0166666,-0.0004514363885088
20.894736842105264,30.12876470588235,4.073732718894009,7,47.2767,4.6558441558441555,-121.3372,-0.0009677419354838
,,5.531468531468532,7,-17.15,0.0,176.9,0.0065174825174825
20.6,30.18248691099476,4.120967741935484,7,47.4548,3.0461095100864553,-115.67108,8.064516129032254e-05
31.071428571428573,29.837133838383835,,7,28.430633,12.741161616161616,129.712542,
17.941176470588236,,4.258064516129032,7,45.2333333,4.971104231166151,-81.6333333,-0.0007180020811654
,,,7,58.2077,8.90700808625337,-155.9225,
18.581818181818186,30.051188630490955,4.097560975609756,7,45.621019999999994,5.587385019710907,-122.65421,0.0002845528455284
27.0,,4.823609226594301,7,54.2,6.219810040705563,16.15,0.0016960651289009
,,2.7,7,-32.5,6.2105263157894735,-61.666666600000006,-0.006
,,4.43801652892562,7,65.4,10.975560081466394,-19.7166666,-0.0012809917355371
,,9.0,7,-13.0166666,,-38.5166666,
,,4.99647266313933,7,41.4,7.704851752021563,-82.55,0.0006701940035273
,,4.74198250728863,7,26.8,16.71311475409836,-97.47,0.0003498542274052
,,9.0,7,11.1666666,1.5294117647058822,79.0,
,,,7,-6.1333333,6.786324786324786,12.3666666,
19.32075471698113,,,7,46.73556,3.147272727272727,17.23861,
19.571428571428573,,4.405405405405405,7,47.65,5.1378378378378375,20.6333333,0.0003108108108108
,,5.18348623853211,7,50.75,4.209090909090909,37.8666666,0.0064220183486238
,,4.967391304347826,7,-7.2166667,4.706521739130435,112.71666670000002,0.0015217391304347
,,4.696261682242991,7,39.65,5.616822429906542,118.1,0.0026168224299065
,,4.621076233183857,7,-22.6833333,1.9843400447427293,31.016666600000004,0.000201793721973
33.5,,5.301408450704225,7,47.7166666,9.670422535211268,15.7833333,0.0014366197183098
17.106666666666666,,,7,69.8333333,7.6267029972752045,21.8833333,
,,4.474418604651163,7,42.98333329999999,4.130232558139535,126.75,0.0002325581395348
,,4.61864406779661,7,23.2,2.7551622418879056,-106.4166666,-0.0024786324786324
22.3015873015873,29.983731459797035,4.186234817813765,7,41.79835,4.196357878068092,-78.63543,8.09716599190284e-05
20.03466204506066,,4.520325203252033,7,59.7666666,16.05580693815988,22.949999999999996,-0.0004471544715447
,,4.508005822416303,7,55.333,5.581743869209809,-131.625,-0.0009315866084425
,,5.061194029850746,7,38.6166666,2.129850746268657,27.433333300000005,0.0040447761194029
,,4.626050420168068,7,37.583,4.9789915966386555,22.767,-0.000126050420168
,,4.946938775510204,7,-36.8666666,16.43070652173913,147.2666666,0.0003265306122448
,,4.166666666666667,7,19.8833333,8.166666666666666,-71.65,0.004
,,4.451253481894151,7,-41.7166666,14.61142061281337,174.2666666,-0.0028551532033426
,,4.586912065439673,7,-19.6333333,11.821610601427116,134.1833333,0.0006134969325153
,,4.477551020408163,7,29.2333333,5.595918367346939,56.5666666,8.163265306122434e-05
23.36842105263158,30.276548431105045,,7,39.3333333,4.639664804469274,16.4,
,,9.0,7,26.5333333,1.048780487804878,88.7166666,
,,4.592592592592593,7,-33.6,3.8435374149659864,150.7833333,-4.115226337448543e-05
,,4.974175035868006,7,36.5833333,7.96987087517934,136.6333333,0.0014060258249641
18.0,,4.63265306122449,7,50.2666666,7.556451612903226,-63.6,0.0012244897959183
14.718940936863545,,4.333333333333333,7,67.9833333,6.638964577656676,24.25,-0.0006097560975609
,,4.87465564738292,7,54.5,9.456043956043956,-2.6833333,0.0024793388429752
24.5,29.90773404255319,4.389355742296919,7,43.11723,6.353497164461247,-77.67539,-0.0006442577030812
,,4.326086956521739,7,-18.5333333,6.06,25.6333333,0.027391304347826
,,4.502024291497976,7,-9.669217,5.5465587044534415,120.302006,0.0009311740890688
29.0,,4.778990450204638,7,46.7666666,10.504076086956522,22.8,0.0005047748976807
,,,7,40.55,3.401639344262295,65.6833333,
,,4.760989010989011,7,52.7833333,18.094520547945205,-4.7333333,0.0027472527472527
21.861313868613134,30.038031674208145,,7,49.75,6.323529411764706,-114.88,
,,,7,43.2044,3.940860215053763,-116.7505,
,,4.264927934111188,7,49.26666660000001,,-73.35,-0.0001990391214824
,,,7,-33.4833333,2.8620689655172415,150.1333333,
,,,7,42.95,10.217391304347826,-0.8,
20.333333333333332,,4.570974576271187,7,72.0166666,7.539896373056995,-94.2,-9.53389830508474e-05
,,4.39622641509434,7,64.5833333,18.455852156057496,-18.6,-0.0016981132075471
,,4.868421052631579,7,53.35,6.078947368421052,75.45,0.0023245614035087
16.34131736526946,,4.601374570446735,7,60.35,5.46,6.2666666,0.0022680412371134
27.86572438162544,29.944827586206895,4.03265306122449,7,45.61901,12.783711615487316,-121.16571,-1.4161007967157608e-19
,,4.430894308943089,7,48.7333333,6.284552845528455,98.2,-0.0002032520325203
,,4.864754098360656,7,40.2166666,10.605691056910567,69.7333333,0.0011475409836065
24.75,29.75766839378238,5.0519480519480515,7,37.140144,8.420749279538905,27.669717,0.0029220779220779
23.5,,4.573770491803279,7,56.2166666,9.602459016393444,162.7166666,0.0008606557377049
19.03548387096774,29.937533129459737,,7,45.815222,7.729453802960694,-97.743139,
36.0,,5.008141112618724,7,50.05,5.715061058344641,18.2,0.0017639077340569
14.22222222222222,,4.896746817538896,7,44.4833333,6.12087912087912,23.1166666,0.0023479490806223
,,4.353658536585366,7,56.6833333,2.6437246963562755,43.4333333,-0.00130081300813
,29.66,,7,28.016666599999997,17.0,120.6666666,
,,4.9824304538799415,7,30.22,8.206802721088435,-85.88,0.001112737920937
12.5,,4.462793068297655,7,48.55,5.284403669724771,-53.96666660000001,0.0015596330275229
,,,7,61.1166666,,24.3166666,
,,9.0,7,25.7833333,1.9473684210526316,84.7333333,
,,5.56,7,18.2833333,1.76,102.63333330000002,4.4480089127610437e-20
,,,7,46.6166666,6.91358024691358,6.7166666,
,,9.0,7,23.778783,1.4593301435406698,90.382689,
27.0,,4.900826446280992,7,60.4666666,3.888888888888889,130.0,0.0011157024793388
16.55,,9.0,7,45.9,4.395061728395062,13.633333300000002,0.0236005434782608
,,2.2666666666666666,7,-28.0666666,2.931034482758621,145.6833333,-0.0476666666666666
,,,7,20.8,11.276497695852534,57.1166666,
27.75,29.95845997286295,5.055325034578146,7,35.279817,6.474545454545455,-2.956256,0.0019917012448132
,,4.909763313609467,7,30.4,5.463847203274216,-87.22,0.0018195266272189
,,,7,65.55,,22.1166666,
20.571428571428573,29.91702643171806,4.476712328767123,7,33.93816,7.586575875486381,-118.3866,0.0016164383561643
,,,7,48.9676,4.088709677419355,-102.1702,
20.97222222222222,,4.419979612640163,7,47.6833333,5.701325178389399,-79.8333333,-0.0009582059123343
18.333333333333332,,,7,64.8,11.5,10.55,
,,4.5,7,56.51666660000001,4.631578947368421,25.9166666,-5.4644808743169446e-05
22.28125,,4.578571428571428,7,64.23,8.36530612244898,-76.53,0.0005102040816326
,,4.775510204081633,7,-15.5,21.25,147.1166666,-8.16326530612245e-05
,,4.810126582278481,7,50.2166667,7.7521008403361344,66.8333333,0.000590717299578
,,,7,44.556,3.913978494623656,-119.6459,
,,4.561111111111111,7,60.46666660000001,5.383333333333334,40.2,0.0011111111111111
43.91428571428571,29.84315326633166,,7,25.944722,15.712311557788944,131.326944,
19.0,,4.825850340136054,7,53.08333329999999,11.71641791044776,0.2666667,0.0033877551020408
,,4.487804878048781,7,48.2833333,7.053061224489796,18.1333333,0.0003252032520325
,,2.0,7,51.8666666,2.0,50.3333333,-0.01
,,5.325284090909091,7,47.2333333,1.9207920792079207,12.1833333,0.0021590909090909
,,4.516528925619835,7,52.65,2.8278688524590163,115.1666666,-4.1322314049586685e-05
,,4.7534246575342465,7,54.3666666,5.835616438356165,71.75,0.0015525114155251
37.0,,5.0,7,-15.8833333,25.0,54.5166666,0.005
,,5.113505747126437,7,38.2666666,5.575539568345324,140.9,0.0009626436781609
,,4.4948755490483165,7,59.54800000000001,,-139.733,-0.0002635431918008
,,4.60655737704918,7,43.3,6.045081967213115,-2.0333333,0.0005737704918032
,,4.419047619047619,7,39.6833333,19.25925925925926,45.7166666,-0.0019047619047619
,,9.0,7,17.6666666,3.775,80.8833333,
21.92682926829268,29.919350811485646,4.724137931034483,7,61.760277,4.466537342386033,-121.236667,-0.0011637931034482
,,,7,-34.6166666,5.125511596180082,146.4333333,
,,4.482142857142857,7,60.3666666,2.6551724137931036,49.65,-0.0016071428571428
35.0,,4.789041095890411,7,47.0,2.736986301369863,11.5,0.0001917808219178
,,5.130081300813008,7,18.35,3.2195121951219514,105.9,0.0018292682926829
,,9.0,7,18.8,0.3376623376623376,95.2166666,
,,4.542016806722689,7,55.1833333,15.77190542420028,8.5666666,0.0008823529411764
18.944444444444443,29.977777777777774,,7,64.1166667,5.884444444444444,-117.3666667,
,,,7,-43.2,21.17142857142857,146.7666666,
,,4.29302987197724,7,48.863,,-122.758,8.534850640113805e-05
,,4.524017467248909,7,41.745,6.165075034106412,-124.183,-0.0002474526928675
23.333333333333332,29.91373540856031,,7,44.824483,5.990272373540856,10.296367,
,,4.790983606557377,7,68.8,10.905737704918034,57.9833333,-0.0011475409836065
,,,7,53.22,,-113.90000000000002,
,,5.189230769230769,7,40.7833333,2.986153846153846,30.4166666,0.0021846153846153
,,5.02834008097166,7,51.0833333,6.255060728744939,-97.55,0.0016194331983805
,,4.27979274611399,7,56.85000000000001,4.196891191709844,26.2333333,-0.0006735751295336
,,5.641255605381166,7,42.1,2.923076923076923,68.1166666,0.0030044843049327
26.5,29.95865358592693,4.963265306122449,7,49.165833,8.372628726287262,16.124925,0.0021904761904761
,,4.761133603238866,7,5.523522,4.735772357723577,95.420372,0.0023076923076923
,,4.25,7,69.15,,29.25,-0.0066666666666666
,,,7,57.1833333,5.568249258160237,9.95,
21.68867924528302,29.969462025316457,4.732793522267206,7,38.6833333,7.278863232682061,29.4,0.0009716599190283
,,4.205980066445183,7,-30.579999000000004,9.130699088145896,-71.186666,-0.0002990033222591
19.046875,29.87446071904128,4.020161290322581,7,38.50659,6.341333333333333,-121.49604,-0.0002822580645161
,,4.266990291262136,7,26.1333333,8.466019417475728,34.25,-0.0003883495145631
,,9.0,7,19.9666666,4.176470588235294,72.7166666,
,,,7,-34.3,7.333333333333333,138.0,
,,4.860869565217391,7,-75.8666666,13.063291139240508,-59.15,0.005695652173913
,,4.872213967310549,7,29.68,9.327001356852104,-94.98,0.0010846953937592
,,4.534090909090909,7,-43.2,7.0777310924369745,-71.8166666,0.005965909090909
,,,7,21.9833333,3.793548387096774,96.1,
,,9.0,7,-1.0166666,9.868131868131869,-78.5833333,
,29.950232558139533,7.6976744186046515,7,4.976019,6.190751445086705,8.347197,-0.0008333333333333
,,4.512295081967213,7,28.45,4.844262295081967,119.9166666,0.0002049180327868
,,4.769230769230769,7,41.73,9.14614343707713,-86.93,3.139717425431709e-05
,,,7,37.2553,4.004032258064516,-108.5035,
,,4.618852459016393,7,25.85,3.5942622950819674,116.3666666,0.0002868852459016
23.1260162601626,,4.663492063492064,7,58.64999999999999,13.816455696202532,5.5666666,0.0033333333333333
23.294117647058822,30.02091005291005,4.270491803278689,7,33.96667,3.3883597883597885,-86.08333,-4.098360655737697e-05
,,,7,46.9601,2.3131720430107525,-67.8833,
,,9.0,7,20.8333333,2.0,85.1,
,,4.742857142857143,7,-20.3666666,13.85888738127544,116.85,1.1328806373726088e-19
,,4.439024390243903,7,9.4666666,4.239837398373984,100.05,0.0018292682926829
,,5.216216216216216,7,21.35,2.288,-101.9166666,-0.0058333333333333
24.066666666666663,,3.795774647887324,7,55.4666666,2.966216216216216,65.4,-0.003169014084507
,,5.008875739644971,7,35.9833333,4.017751479289941,139.0666666,0.0011390532544378
,,4.228571428571429,7,41.9,7.017142857142857,114.0,-0.0018857142857142
18.53968253968254,29.946099120703437,4.512096774193548,7,61.775,5.111910471622702,-161.31944,-0.0008467741935483
,,4.823448275862069,7,50.8166666,13.321870701513069,-0.9166666,0.0029379310344827
,,5.145510835913313,7,40.7333333,2.188854489164086,31.600000000000005,0.0039628482972136
,,4.854838709677419,7,8.0166666,13.821138211382111,110.6166666,0.0054838709677419
,29.910000000000004,,7,19.57,0.1239782016348773,5.75,
,,,7,36.7833333,0.0806451612903225,3.0333333,
31.0,,7.5,7,52.3833333,7.5,50.4666666,0.01
,,,7,57.783333299999995,5.025,-135.2166666,
,,4.73961661341853,7,-30.271922000000004,9.652866242038217,-57.64023100000001,0.0024760383386581
,,4.839506172839506,7,43.15,5.012345679012346,24.7,0.0001646090534979
,,4.290441176470588,7,-33.7166666,11.556345177664976,136.5,-0.0016911764705882
,,4.965957446808511,7,46.7833333,9.161702127659574,61.6666667,0.0017446808510638
,,4.327205882352941,7,-35.1166666,10.315736040609137,137.7333333,-0.0023529411764705
14.916666666666666,,,7,67.3333333,4.286885245901639,22.2333333,
,,4.6971428571428575,7,32.9,3.8685714285714288,95.3,0.0062857142857142
,,3.896551724137931,7,55.7833333,2.6551724137931036,109.55,-0.0120689655172413
,,4.843324250681199,7,-32.683639,9.98913043478261,-62.157792,0.0028474114441416
31.65909090909091,29.84997627520759,,7,52.2785,9.639766081871343,9.082167,
,,9.0,7,13.2166666,5.752808988764045,18.3166666,
,,4.884353741496598,7,49.783942,5.263945578231293,4.647078,0.0020544217687074
17.713178294573645,,4.559748427672956,7,55.31666659999999,9.277089783281731,11.3833333,0.0016352201257861
14.25,,4.5528455284552845,7,67.25,4.91869918699187,167.9666666,-0.0018699186991869
,,4.794117647058823,7,44.28300000000001,3.2142857142857144,72.95,0.0010504201680672
15.4,,4.548780487804878,7,64.3333333,11.411927877947296,23.449999999999996,0.0006910569105691
18.0,,4.94579945799458,7,49.6166666,2.7046070460704605,20.7,0.001490514905149
,,9.0,7,33.5,0.3245033112582781,75.1666666,
23.57894736842105,30.005,4.516129032258065,7,34.25394,4.36878612716763,-82.15264999999998,0.0002419354838709
12.0,,2.0,7,62.6,6.0,9.6666666,-0.04
,,,7,22.3,17.151785714285715,59.8166666,
,,9.0,7,13.6666666,7.079470198675497,79.5833333,
,,4.729508196721311,7,-22.7833333,3.7891156462585034,147.6166666,0.0010655737704918
28.097087378640776,29.84812849162011,,7,66.521389,12.759776536312849,-86.224722,
,,9.0,7,19.2666666,3.4146341463414633,84.8833333,
21.666666666666668,,4.967435549525102,7,51.2166666,4.730978260869565,22.4,0.0009769335142469
34.0,,,7,50.8833333,8.4551201011378,-112.45,
,,4.619047619047619,7,50.143492,8.118367346938776,1.831892,0.0019047619047619
,,1.5806451612903225,7,-31.0333333,,150.26666659999998,-0.0451612903225806
21.333333333333332,,4.909090909090909,7,77.0,9.041666666666666,15.5,0.0022727272727272
,,4.597560975609756,7,15.75,5.117437722419929,121.6333333,0.0016260162601626
,,4.914285714285715,7,55.2333333,3.804081632653061,84.4,1.9117360755662773e-19
12.5,,3.727272727272727,7,60.56666659999999,3.0,9.1333333,-0.0054545454545454
22.0,,4.317073170731708,7,52.9333333,4.491869918699187,36.0,-0.0015040650406504
,,5.1945578231292515,7,53.5333333,6.619047619047619,-7.366666599999999,0.003469387755102
,,9.0,7,11.326058,2.081967213114754,-12.28685,
,,4.778225806451613,7,37.2666666,2.0993197278911566,127.4833333,0.0005645161290322
,,9.0,7,35.2,1.7140077821011672,71.85,
,,5.196581196581197,7,45.416999999999994,1.747863247863248,79.9,0.0018376068376068
,,5.054519368723099,7,33.2333333,5.197991391678623,131.6166666,0.0020373027259684
33.48148148148148,,4.68724279835391,7,47.5166666,5.536351165980796,14.95,-0.000233196159122
,,5.30801687763713,7,48.4,7.20393811533052,16.2,0.0015893108298171
,,5.163265306122449,7,13.576439,4.6231884057971016,124.205672,0.0024897959183673
15.5,,4.942583732057416,7,54.6333333,4.6745283018867925,-113.3833333,4.784688995215305e-05
14.093023255813954,,5.1837160751565765,7,36.573472,4.511482254697286,36.154,0.0038830897703549
,,4.5661375661375665,7,57.1333333,4.806282722513089,26.7166666,-0.0006486486486486
34.0,,4.894308943089431,7,51.35,5.672086720867209,19.8666666,0.0012059620596205
,,,7,45.356,5.925141242937853,-83.492,
,,,7,-32.4,3.655172413793104,142.4166666,
,,5.198518518518519,7,35.6,9.696296296296296,140.1,0.002
,,,7,35.7552,6.225806451612903,-112.3374,
,,4.310395314787701,7,52.940999999999995,12.703252032520323,-168.871,-0.0013616398243045
,,4.894171779141105,7,27.65,8.874324324324323,-82.5833333,0.0008282208588957
,,,7,-30.3833333,0.1290322580645161,150.6166666,
,,9.0,7,22.3333333,1.2848837209302326,90.3333333,
,,5.195652173913044,7,49.3166667,5.274456521739131,17.5666667,0.0024184782608695
,,9.0,7,30.4,0.0,76.7666666,
22.049180327868857,,4.50669412976313,7,48.0166666,7.911794871794871,-64.5,0.0010401647785787
13.311557788944723,,4.19674355495251,7,47.433333299999994,2.794037940379404,23.8666666,-9.497964721845316e-05
,,4.185483870967742,7,29.6666667,4.391129032258065,91.1333333,-0.0001612903225806
16.573394495412845,,4.5174825174825175,7,55.7666666,6.609418282548477,12.5333333,0.0009650349650349
,,5.104619565217392,7,-51.6666666,10.964673913043478,-58.1,0.0069429347826086
,,4.405737704918033,7,36.6,4.573770491803279,109.5,0.0002868852459016
35.45454545454545,,4.513623978201635,7,46.7833333,2.1716621253405997,13.4833333,-0.0008719346049046
,,5.0894308943089435,7,8.3666666,4.069105691056911,126.3333333,0.003170731707317
,,4.68475073313783,7,30.65,4.482993197278912,-88.05,0.0013489736070381
20.308823529411764,30.04691866028708,4.159836065573771,7,59.44597,3.359073359073359,-151.70653,0.0002868852459016
,,,7,-30.916666599999996,4.6,153.0833333,
,,4.473251028806584,7,60.3833333,,22.55,-0.0001646090534979
22.714285714285715,30.032104743083007,4.304878048780488,7,49.710833,7.091324200913242,-124.886667,-0.0001219512195121
23.29787234042553,29.968300518134715,4.203252032520325,7,35.06836,5.484439834024896,-77.04783,-0.0004878048780487
,,3.5526315789473686,7,-34.3833333,8.552631578947368,137.6666666,-0.0205263157894736
,,9.0,7,-0.4,6.676470588235294,-76.6,
,,3.9390243902439024,7,22.5,2.7845528455284554,103.9666666,0.0041463414634146
,,5.129729729729729,7,40.9833333,7.097297297297297,27.55,0.0037297297297297
25.6,29.735398648648648,4.497959183673469,7,36.947183,8.418550724637681,37.478683,-4.081632653061231e-05
,,9.0,7,19.9666666,2.093877551020408,73.8166666,
25.593220338983052,29.76241467576792,,7,22.754986,5.736348122866894,121.101681,
,,4.120448179271708,7,-37.9166666,8.65266106442577,176.9166666,-0.0033473389355742
29.666666666666668,,4.722222222222222,7,44.5666666,5.50462962962963,82.8166666,0.0068055555555555
24.8,,,7,53.4166666,13.970108695652174,6.200000000000001,
15.620689655172416,,,7,67.25,5.098360655737705,20.2666666,
,,5.040816326530612,7,60.0666666,3.057142857142857,71.4833333,0.0006530612244897
,,4.798319327731092,7,-32.2,9.73268698060942,127.5333333,0.0011764705882352
,,,7,58.2,8.767441860465116,-136.6333333,
,,4.818181818181818,7,37.5166666,4.710743801652892,66.0166666,0.0003305785123966
,,9.0,7,2.9,2.0588235294117645,11.1666667,
,,4.204081632653061,7,36.4166666,4.995918367346939,94.9,-0.0002448979591836
13.666666666666666,,,7,53.5730556,4.660287081339713,-115.123611,
22.545454545454547,30.15921703296703,,7,34.6458616,7.372252747252747,-106.83634,
,,4.65929203539823,7,-31.9833333,5.821582733812949,147.95,0.0008407079646017
23.302013422818792,,4.436111111111111,7,56.0166666,17.32088520055325,11.2833333,0.0009027777777777
,,4.983870967741935,7,2.85,1.6975806451612905,117.3333333,0.0025403225806451
,,0.0,7,54.66865,,-5.74847,-0.02
27.5,,4.529972752043597,7,-31.6666667,6.291156462585034,-63.8833333,0.001675749318801
23.4,,4.60625,7,52.8166666,6.75103734439834,-111.1,0.0003229166666666
31.90909090909091,29.958123306233063,5.051700680272109,7,44.140481,8.531433740388964,4.866717,0.0015646258503401
25.5,,4.8276797829036635,7,53.05,4.968792401628223,18.5833333,0.0015603799185888
22.0,,4.6138211382113825,7,52.5166666,3.4430894308943087,82.7666666,0.0003252032520325
22.26315789473684,,4.533960292580982,7,51.6666666,8.51828631138976,-105.4,1.5951480238867191e-19
23.4,29.917781774580337,4.294354838709677,7,44.83214,6.540507859733978,-93.47051,-0.0004435483870967
,,4.641129032258065,7,36.7625,2.265943012211669,127.2927778,8.064516129032251e-05
,,4.783673469387755,7,-31.0833333,7.414402173913044,141.7,0.0017959183673469
,,9.0,7,-11.1,13.27777777777778,28.850000000000005,
,,,7,23.5,4.788461538461538,58.4833333,
37.666666666666664,,4.460490463215259,7,46.816666600000005,2.645776566757493,15.2333333,-0.0006675749318801
,,4.375,7,44.6166666,9.078703703703704,114.15,0.0018055555555555
,,4.934883720930233,7,34.1333333,4.67906976744186,95.7833333,0.005860465116279
,,4.0,7,43.45,1.7142857142857142,41.73333329999999,0.0
,,4.665236051502146,7,67.65,6.3924050632911396,134.6833333,0.0005150214592274
,,9.0,7,26.481453,5.891304347826087,87.264036,
20.90909090909091,29.967396984924623,4.678423236514523,7,38.36531,4.58570268074736,-82.5548,0.0019502074688796
,,4.467032967032967,7,-20.5333333,20.230016313213703,150.3833333,-0.0026923076923076
20.613981762917938,29.77093101138647,4.368852459016393,7,53.8333333,7.084531339850489,-89.8666667,-0.0004098360655737
15.693548387096774,,4.275862068965517,7,59.8666666,4.4471544715447155,15.25,0.0008620689655172
27.2987012987013,,4.5,7,36.7,11.675324675324676,27.6666666,0.002012987012987
,,4.87012987012987,7,50.8,6.103896103896104,75.7,0.0019480519480519
,,9.0,7,24.95,6.8,51.5666666,
,,4.682926829268292,7,59.6333333,2.292682926829268,133.0333333,0.0015040650406504
,,4.929058663028649,7,48.25,7.678035470668486,16.3666666,0.0013778990450204
21.583333333333332,29.92773987206823,4.2926829268292686,7,64.8375,4.3742004264392325,-147.61444,0.0002845528455284
18.958333333333332,,4.628834355828221,7,53.6833333,3.35480572597137,-112.8666666,0.0004907975460122
,,9.0,7,12.5199,4.885057471264368,37.434047,
,,,7,25.216666599999996,,-80.65,
,,4.723577235772358,7,62.8,2.9433198380566803,150.6666666,-0.0004471544715447
21.24137931034483,,4.502548419979613,7,46.45,7.3893985728848115,-62.5666666,0.0016615698267074
,,4.8353909465020575,7,-32.1833333,6.485013623978202,150.1666666,0.0004115226337448
,,4.338775510204082,7,18.8666666,0.0408163265306122,100.75,-8.163265306122445e-05
,,4.285913528591353,7,-46.14999999999999,18.697350069735005,166.6,-0.0014783821478382
15.365384615384617,,4.69620253164557,7,62.01666659999999,4.74375,7.666666600000001,0.0031645569620253
,,4.854625550660793,7,36.88,6.526315789473684,-76.33,0.0012334801762114
,,4.2481481481481485,7,-26.2666666,8.324186991869919,132.1833333,-0.0006296296296296
14.428571428571429,,,7,49.8,8.623629719853836,-112.3,
,,4.930894308943089,7,60.0833333,3.2874493927125505,142.3333333,0.0013414634146341
23.50877192982456,,4.195718654434251,7,48.4,11.0,-123.3166666,0.0002344546381243
23.8,,4.615067079463365,7,47.283,11.319630010277493,-53.9833333,0.0019091847265221
,,,7,33.4392,3.5981182795698925,-117.1904,
,30.130198170731703,,7,-12.482289,4.204928664072633,-41.276969,
,,4.387434554973822,7,57.13333329999999,5.591623036649215,25.9166666,-0.0008376963350785
22.571428571428573,,4.302040816326531,7,59.96666660000001,15.119727891156463,19.95,-4.0816326530612265e-05
17.0,,5.047425474254743,7,44.25,8.177506775067751,28.2666666,0.0018699186991869
,,4.625730994152047,7,42.975,,-82.419,0.0005555555555555
16.0,,4.528455284552845,7,61.89999999999999,4.404341926729987,27.8833333,-0.0004471544715447
,,9.0,7,22.7666666,0.1908713692946058,81.9,
,,4.7701149425287355,7,40.5,5.367816091954023,81.05,0.0050574712643678
,,,7,23.7166666,10.955357142857142,55.9,
,,4.427576601671309,7,-40.0333333,12.04874651810585,176.2666666,-0.0033983286908077
,,,7,14.570000000000002,3.7066326530612246,-89.35,
16.333333333333332,,4.299145299145299,7,63.15,3.778688524590164,16.1666666,0.0005982905982905
,,9.0,7,14.25,3.201005025125628,13.1166666,
,,4.623481781376518,7,65.1833333,7.267206477732794,176.7666666,-0.0004048582995951
45.0,,4.450819672131147,7,36.7666666,5.381147540983607,119.1833333,-0.0007786885245901
,,4.909090909090909,7,36.2833333,6.707792207792208,2.7333333,0.0036363636363636
,,9.0,7,16.9833333,5.056910569105691,73.3333333,
,,,7,25.619,,-81.044,
,,4.654205607476635,7,52.2166666,3.5277777777777777,27.8666666,-0.0009345794392523
,,4.3982683982683985,7,40.2,8.056277056277056,45.75,-0.0004329004329004
,,4.763265306122449,7,-37.8666666,3.6612244897959183,145.3333333,0.000938775510204
,,5.0807174887892375,7,51.0833333,7.043859649122807,66.3,0.002286995515695
,,4.228448275862069,7,39.5108333,2.3620689655172415,46.34722219999999,-0.0006896551724137
15.0,,,7,56.0666666,6.533653846153846,-119.33333330000002,
,,9.0,7,26.1333333,5.350877192982456,86.5833333,
